{
  "julius": [
    {
      "profile_id": "julius",
      "profile_name": "Julius",
      "tables": [
        1,
        2,
        3,
        4,
        5,
        6,
        7,
        8,
        9,
        10
      ],
      "question_count": 50,
      "answered": 50,
      "correct": 49,
      "incorrect": 1,
      "time_limit_seconds": 300,
      "elapsed_seconds": 179.17799999997766,
      "timestamp": "2025-09-20T09:01:35.100842",
      "table_stats": {
        "2": {
          "questions": 11.0,
          "correct": 11.0,
          "incorrect": 0.0,
          "total_time": 57.662999999991534
        },
        "4": {
          "questions": 8.0,
          "correct": 8.0,
          "incorrect": 0.0,
          "total_time": 33.37999999999617
        },
        "3": {
          "questions": 6.0,
          "correct": 6.0,
          "incorrect": 0.0,
          "total_time": 13.843999999998477
        },
        "9": {
          "questions": 2.0,
          "correct": 2.0,
          "incorrect": 0.0,
          "total_time": 4.181999999999505
        },
        "8": {
          "questions": 5.0,
          "correct": 5.0,
          "incorrect": 0.0,
          "total_time": 28.45399999999583
        },
        "6": {
          "questions": 2.0,
          "correct": 2.0,
          "incorrect": 0.0,
          "total_time": 6.173999999999218
        },
        "5": {
          "questions": 4.0,
          "correct": 4.0,
          "incorrect": 0.0,
          "total_time": 9.708999999999826
        },
        "7": {
          "questions": 3.0,
          "correct": 3.0,
          "incorrect": 0.0,
          "total_time": 8.812999999998745
        },
        "10": {
          "questions": 3.0,
          "correct": 2.0,
          "incorrect": 1.0,
          "total_time": 6.736000000000125
        },
        "1": {
          "questions": 6.0,
          "correct": 6.0,
          "incorrect": 0.0,
          "total_time": 10.222999999998223
        }
      }
    }
  ]
}